time,open,high,low,close,vwap,volume,count
2024-12-21 13:30:00,0.3166279,0.3188718,0.3141666,0.3188718,0.3167487,813726.21721857,197
2024-12-21 13:35:00,0.3188589,0.3226758,0.3185560,0.3203676,0.3215216,3256596.60916374,290
2024-12-21 13:40:00,0.3202574,0.3227574,0.3194998,0.3216501,0.3211986,510374.09396051,96
2024-12-21 13:45:00,0.3215031,0.3244936,0.3214784,0.3232830,0.3221696,966646.53172542,154
2024-12-21 13:50:00,0.3227793,0.3227793,0.3200000,0.3218626,0.3213511,466052.27065376,152
2024-12-21 13:55:00,0.3215000,0.3244260,0.3209290,0.3237798,0.3231745,98801.86784373,114
2024-12-21 14:00:00,0.3235030,0.3271653,0.3231769,0.3263635,0.3263770,804990.90547272,197
2024-12-21 14:05:00,0.3260000,0.3260642,0.3243264,0.3250086,0.3248365,1256175.00608532,178
2024-12-21 14:10:00,0.3252461,0.3271247,0.3251920,0.3266611,0.3260306,667294.71419887,155
2024-12-21 14:15:00,0.3268587,0.3283598,0.3257508,0.3283598,0.3266398,1248982.45611859,216
2024-12-21 14:20:00,0.3282612,0.3283441,0.3247487,0.3247902,0.3258120,635725.54236448,174
2024-12-21 14:25:00,0.3246885,0.3264775,0.3239566,0.3262862,0.3255416,574653.13912898,124
2024-12-21 14:30:00,0.3261346,0.3291491,0.3261346,0.3291491,0.3280734,158408.50229205,121
2024-12-21 14:35:00,0.3291891,0.3293351,0.3257413,0.3257413,0.3270578,189517.31113582,94
2024-12-21 14:40:00,0.3260291,0.3264794,0.3241473,0.3254472,0.3255304,127968.53999876,56
2024-12-21 14:45:00,0.3255156,0.3281717,0.3251406,0.3271605,0.3274428,1303874.05712055,210
2024-12-21 14:50:00,0.3272578,0.3273013,0.3249620,0.3252471,0.3269117,409378.67844212,153
2024-12-21 14:55:00,0.3249730,0.3250454,0.3236710,0.3236710,0.3245387,277143.11795021,120
2024-12-21 15:00:00,0.3236712,0.3259471,0.3236712,0.3259471,0.3246528,677452.11882667,142
2024-12-21 15:05:00,0.3260626,0.3276024,0.3257658,0.3264804,0.3267660,382320.83038038,72
2024-12-21 15:10:00,0.3265508,0.3265987,0.3246908,0.3258894,0.3255840,41547.54334845,33
2024-12-21 15:15:00,0.3260046,0.3276437,0.3260046,0.3268701,0.3270545,405031.28804851,68
2024-12-21 15:20:00,0.3265046,0.3280846,0.3263411,0.3275500,0.3270119,91023.75217956,81
2024-12-21 15:25:00,0.3276238,0.3282013,0.3268830,0.3271157,0.3280495,511692.32657233,43
2024-12-21 15:30:00,0.3270905,0.3277819,0.3264757,0.3270066,0.3271279,138456.34085700,67
2024-12-21 15:35:00,0.3269839,0.3271552,0.3266726,0.3270808,0.3267336,113295.99344341,89
2024-12-21 15:40:00,0.3267182,0.3270572,0.3250795,0.3250795,0.3256968,523956.85431839,96
2024-12-21 15:45:00,0.3250796,0.3278847,0.3250796,0.3275595,0.3270135,490340.07525328,112
2024-12-21 15:50:00,0.3275869,0.3278040,0.3263273,0.3263273,0.3277251,29243.90881102,43
2024-12-21 15:55:00,0.3256447,0.3268510,0.3256447,0.3268510,0.3264902,33779.51419985,43
2024-12-21 16:00:00,0.3268780,0.3270809,0.3226482,0.3231397,0.3256092,162483.03238674,83
2024-12-21 16:05:00,0.3226658,0.3236955,0.3211076,0.3213189,0.3221745,964951.08588016,243
2024-12-21 16:10:00,0.3213190,0.3256170,0.3213190,0.3256170,0.3226977,215235.00515449,135
2024-12-21 16:15:00,0.3257005,0.3291851,0.3257005,0.3273826,0.3272242,206298.56228566,135
2024-12-21 16:20:00,0.3271390,0.3288633,0.3269670,0.3274531,0.3275922,34834.15356845,28
2024-12-21 16:25:00,0.3273338,0.3277061,0.3267400,0.3269651,0.3270075,718664.09831521,89
2024-12-21 16:30:00,0.3270129,0.3277913,0.3242110,0.3242110,0.3265935,423377.50447997,95
2024-12-21 16:35:00,0.3242209,0.3256449,0.3224767,0.3247057,0.3234750,514867.99798125,97
2024-12-21 16:40:00,0.3236710,0.3237977,0.3215723,0.3219437,0.3222249,489919.04747475,130
2024-12-21 16:45:00,0.3216718,0.3231861,0.3213748,0.3231861,0.3226038,279130.59917149,80
2024-12-21 16:50:00,0.3227925,0.3245342,0.3223619,0.3225735,0.3239342,105060.85066525,71
2024-12-21 16:55:00,0.3226755,0.3237979,0.3225676,0.3229143,0.3228377,30690.66345207,39
2024-12-21 17:00:00,0.3227406,0.3240472,0.3214357,0.3240472,0.3233189,120101.10595763,100
2024-12-21 17:05:00,0.3243001,0.3252873,0.3201761,0.3208869,0.3208034,580431.56862895,175
2024-12-21 17:10:00,0.3206710,0.3221227,0.3201377,0.3220992,0.3206306,595971.30648850,146
2024-12-21 17:15:00,0.3220826,0.3240631,0.3220355,0.3226843,0.3221285,343272.55073810,137
2024-12-21 17:20:00,0.3225625,0.3232514,0.3201376,0.3212776,0.3220630,62810.72721309,47
2024-12-21 17:25:00,0.3212777,0.3232856,0.3212777,0.3228302,0.3223212,70587.26427740,46
2024-12-21 17:30:00,0.3230806,0.3236922,0.3204126,0.3208094,0.3213416,240917.30308083,58
2024-12-21 17:35:00,0.3204590,0.3228735,0.3201710,0.3227612,0.3213819,869527.90603190,214
2024-12-21 17:40:00,0.3227612,0.3236491,0.3215997,0.3216727,0.3223233,653602.69565362,143
2024-12-21 17:45:00,0.3217987,0.3238981,0.3217987,0.3235276,0.3220849,267793.27395443,86
2024-12-21 17:50:00,0.3235323,0.3258965,0.3235323,0.3257455,0.3254161,75335.23048147,62
2024-12-21 17:55:00,0.3258059,0.3269693,0.3249827,0.3249827,0.3266340,215526.95814107,86
2024-12-21 18:00:00,0.3252248,0.3262367,0.3249296,0.3253131,0.3255480,926844.65943820,164
2024-12-21 18:05:00,0.3253131,0.3265577,0.3236415,0.3241049,0.3256677,1431802.53338803,257
2024-12-21 18:10:00,0.3240520,0.3240520,0.3219385,0.3219385,0.3229860,116445.96707543,49
2024-12-21 18:15:00,0.3218496,0.3236589,0.3211410,0.3236589,0.3220184,342375.71639272,79
2024-12-21 18:20:00,0.3234334,0.3239984,0.3220356,0.3226332,0.3232147,35388.00908014,37
2024-12-21 18:25:00,0.3227518,0.3230784,0.3216852,0.3218081,0.3225904,49340.75534694,44
2024-12-21 18:30:00,0.3221195,0.3225903,0.3207074,0.3211192,0.3209580,500652.65726875,95
2024-12-21 18:35:00,0.3214325,0.3216093,0.3186529,0.3187043,0.3199639,2852466.79863467,323
2024-12-21 18:40:00,0.3188544,0.3207934,0.3186699,0.3205842,0.3188590,657853.25632417,88
2024-12-21 18:45:00,0.3205537,0.3205537,0.3171371,0.3174575,0.3175005,757613.64617377,126
2024-12-21 18:50:00,0.3174808,0.3175184,0.3166962,0.3171772,0.3171357,667310.46871838,95
2024-12-21 18:55:00,0.3170597,0.3189046,0.3169462,0.3178914,0.3172470,285602.70683964,119
2024-12-21 19:00:00,0.3181327,0.3185329,0.3164500,0.3178521,0.3168880,1042741.32185489,161
2024-12-21 19:05:00,0.3179890,0.3179890,0.3149228,0.3149228,0.3161927,482899.67161648,160
2024-12-21 19:10:00,0.3149938,0.3177617,0.3149938,0.3169654,0.3162078,532032.65903650,213
2024-12-21 19:15:00,0.3169654,0.3178925,0.3159365,0.3168975,0.3167060,216365.17749122,149
2024-12-21 19:20:00,0.3166775,0.3182634,0.3156538,0.3179697,0.3164705,337170.85344719,128
2024-12-21 19:25:00,0.3180989,0.3199930,0.3177948,0.3183283,0.3190198,227278.18311771,126
2024-12-21 19:30:00,0.3184342,0.3189077,0.3166942,0.3169187,0.3178014,1180112.25954422,172
2024-12-21 19:35:00,0.3169283,0.3170026,0.3159224,0.3165217,0.3160484,262793.00329922,57
2024-12-21 19:40:00,0.3165160,0.3201222,0.3165160,0.3192583,0.3195877,412605.49328382,144
2024-12-21 19:45:00,0.3192808,0.3196416,0.3167592,0.3172078,0.3180782,244662.05864959,76
2024-12-21 19:50:00,0.3172326,0.3193041,0.3172326,0.3193041,0.3183177,19856.67223403,71
2024-12-21 19:55:00,0.3193857,0.3217256,0.3193857,0.3216343,0.3211455,523979.32339878,121
2024-12-21 20:00:00,0.3217368,0.3229158,0.3206517,0.3207175,0.3214880,88612.23263564,65
2024-12-21 20:05:00,0.3207183,0.3233123,0.3207183,0.3232613,0.3226563,120198.85493610,64
2024-12-21 20:10:00,0.3233642,0.3249052,0.3232625,0.3242972,0.3247128,450699.90238488,115
2024-12-21 20:15:00,0.3243951,0.3243951,0.3223619,0.3236261,0.3238233,164358.14574635,55
2024-12-21 20:20:00,0.3236442,0.3255981,0.3236442,0.3239177,0.3249929,485945.69857027,108
2024-12-21 20:25:00,0.3236441,0.3241885,0.3234788,0.3241885,0.3239703,31949.50517239,37
2024-12-21 20:30:00,0.3239236,0.3239236,0.3226790,0.3234597,0.3231122,357299.50393837,61
2024-12-21 20:35:00,0.3234623,0.3246066,0.3227626,0.3240324,0.3234915,141081.35436121,135
2024-12-21 20:40:00,0.3236860,0.3236860,0.3226112,0.3226112,0.3227179,284669.48957702,53
2024-12-21 20:45:00,0.3227536,0.3229290,0.3214666,0.3228409,0.3225872,67725.52114772,36
2024-12-21 20:50:00,0.3229290,0.3232943,0.3221511,0.3221511,0.3229025,119597.37831874,67
2024-12-21 20:55:00,0.3220477,0.3227312,0.3216125,0.3225804,0.3221077,124565.35912367,92
2024-12-21 21:00:00,0.3225805,0.3237251,0.3225805,0.3230304,0.3232551,46739.09518125,61
2024-12-21 21:05:00,0.3229166,0.3231513,0.3219760,0.3223756,0.3224686,4209.80886732,27
2024-12-21 21:10:00,0.3222983,0.3227653,0.3216182,0.3222544,0.3221887,29659.11146360,42
2024-12-21 21:15:00,0.3220123,0.3220123,0.3198224,0.3198224,0.3201022,164209.29627983,46
2024-12-21 21:20:00,0.3196819,0.3213309,0.3196819,0.3213309,0.3208791,399771.97064750,131
2024-12-21 21:25:00,0.3213554,0.3213554,0.3205487,0.3207911,0.3211067,114984.18305705,38
2024-12-21 21:30:00,0.3207054,0.3211097,0.3197330,0.3211097,0.3201050,161139.98995540,74
2024-12-21 21:35:00,0.3212824,0.3212824,0.3182741,0.3182741,0.3187363,180352.34348330,56
2024-12-21 21:40:00,0.3182077,0.3199172,0.3182077,0.3198521,0.3192609,8444.92596183,27
2024-12-21 21:45:00,0.3196959,0.3204102,0.3190530,0.3198292,0.3201898,235712.93062920,48
2024-12-21 21:50:00,0.3195345,0.3198589,0.3177433,0.3186554,0.3185032,288135.27758815,86
2024-12-21 21:55:00,0.3186553,0.3200796,0.3186444,0.3193635,0.3197297,99300.57732249,64
2024-12-21 22:00:00,0.3193403,0.3193403,0.3173822,0.3181228,0.3177866,118099.96605149,40
2024-12-21 22:05:00,0.3176563,0.3183118,0.3169754,0.3176654,0.3174307,55623.33256294,54
2024-12-21 22:10:00,0.3174107,0.3174107,0.3157683,0.3170168,0.3162289,833393.41415753,128
2024-12-21 22:15:00,0.3168358,0.3190022,0.3162893,0.3185426,0.3172860,140236.07465080,82
2024-12-21 22:20:00,0.3187592,0.3210666,0.3187592,0.3207538,0.3203099,191657.75783501,143
2024-12-21 22:25:00,0.3207982,0.3230619,0.3207982,0.3228531,0.3223898,149007.75947566,109
2024-12-21 22:30:00,0.3225778,0.3225778,0.3205818,0.3218422,0.3212587,201439.57846473,62
2024-12-21 22:35:00,0.3215743,0.3227672,0.3212518,0.3224595,0.3219087,59591.39065676,49
2024-12-21 22:40:00,0.3224976,0.3234658,0.3216966,0.3234658,0.3222021,79059.82567536,58
2024-12-21 22:45:00,0.3230956,0.3230956,0.3221270,0.3225238,0.3225997,4432.85972391,17
2024-12-21 22:50:00,0.3216556,0.3216556,0.3206999,0.3209800,0.3212044,1666.13486092,8
2024-12-21 22:55:00,0.3205216,0.3222062,0.3205216,0.3218965,0.3215968,23456.10327567,50
2024-12-21 23:00:00,0.3216737,0.3223510,0.3204656,0.3204656,0.3211700,25492.49497139,34
2024-12-21 23:05:00,0.3200000,0.3202918,0.3184673,0.3188000,0.3195672,264896.66175737,81
2024-12-21 23:10:00,0.3193966,0.3210342,0.3191378,0.3210342,0.3196441,41620.75621839,32
2024-12-21 23:15:00,0.3199191,0.3219400,0.3198937,0.3214491,0.3209821,22293.33677103,31
2024-12-21 23:20:00,0.3213657,0.3224438,0.3213657,0.3224438,0.3218153,22506.85421685,45
2024-12-21 23:25:00,0.3223955,0.3223955,0.3216707,0.3217260,0.3219334,93523.03501412,31
2024-12-21 23:30:00,0.3214002,0.3214002,0.3192110,0.3200138,0.3204218,26390.08997302,34
2024-12-21 23:35:00,0.3198513,0.3210822,0.3198513,0.3208973,0.3204520,17058.74379350,27
2024-12-21 23:40:00,0.3206741,0.3206742,0.3181984,0.3187161,0.3185946,455963.17395320,63
2024-12-21 23:45:00,0.3181990,0.3202078,0.3181990,0.3202078,0.3191318,11971.08671426,28
2024-12-21 23:50:00,0.3197411,0.3214099,0.3193580,0.3207362,0.3202099,64671.73290327,70
2024-12-21 23:55:00,0.3208788,0.3213817,0.3198023,0.3198996,0.3206734,39629.38895871,55
2024-12-22 00:00:00,0.3201435,0.3202454,0.3161360,0.3175278,0.3172902,80654.71937037,108
2024-12-22 00:05:00,0.3175278,0.3201518,0.3175278,0.3195026,0.3185181,9602.39588252,56
2024-12-22 00:10:00,0.3195056,0.3211873,0.3180751,0.3180836,0.3209404,605513.13500153,84
2024-12-22 00:15:00,0.3180000,0.3184181,0.3171146,0.3176302,0.3177350,120945.97853051,46
2024-12-22 00:20:00,0.3177943,0.3188253,0.3164433,0.3187295,0.3173654,36648.08330072,69
2024-12-22 00:25:00,0.3187622,0.3198170,0.3185290,0.3196531,0.3192831,51120.18539939,44
2024-12-22 00:30:00,0.3197831,0.3202234,0.3184162,0.3198918,0.3194810,13031.34096519,43
2024-12-22 00:35:00,0.3199419,0.3232430,0.3199419,0.3225509,0.3222134,416733.18626216,234
2024-12-22 00:40:00,0.3221633,0.3232563,0.3208528,0.3224193,0.3214961,871300.08104179,97
2024-12-22 00:45:00,0.3219375,0.3224808,0.3203345,0.3203735,0.3215140,17694.34362977,38
2024-12-22 00:50:00,0.3202315,0.3212248,0.3200369,0.3210084,0.3208751,28512.97491433,39
2024-12-22 00:55:00,0.3204301,0.3205943,0.3198408,0.3203553,0.3202787,23062.16413108,25
2024-12-22 01:00:00,0.3200119,0.3203776,0.3188705,0.3200084,0.3190922,37947.64147577,55
2024-12-22 01:05:00,0.3200517,0.3223106,0.3197981,0.3223106,0.3214193,59826.37583749,55
2024-12-22 01:10:00,0.3216764,0.3221056,0.3214486,0.3221056,0.3216839,49773.67039879,44
2024-12-22 01:15:00,0.3215513,0.3215513,0.3200437,0.3204474,0.3205499,46242.58887842,31
2024-12-22 01:20:00,0.3206621,0.3221642,0.3206621,0.3209236,0.3214650,43501.93422992,51
2024-12-22 01:25:00,0.3209562,0.3212902,0.3205102,0.3206797,0.3209287,245432.14454613,91
2024-12-22 01:30:00,0.3200000,0.3200000,0.3173582,0.3173582,0.3182595,171325.99275592,44
2024-12-22 01:35:00,0.3173245,0.3182720,0.3163455,0.3163457,0.3178443,738815.00863109,191
2024-12-22 01:40:00,0.3165752,0.3165752,0.3139935,0.3153537,0.3142779,853654.74547001,154
2024-12-22 01:45:00,0.3154655,0.3164307,0.3148396,0.3163066,0.3153944,120380.39869216,62
2024-12-22 01:50:00,0.3159800,0.3183480,0.3159800,0.3181125,0.3170964,13089.66264613,46
2024-12-22 01:55:00,0.3181126,0.3193947,0.3181126,0.3189294,0.3187913,56364.65710658,69
2024-12-22 02:00:00,0.3191214,0.3207896,0.3189508,0.3198792,0.3204024,236397.16785926,102
2024-12-22 02:05:00,0.3195559,0.3201828,0.3186157,0.3201828,0.3193821,65650.55519725,26
2024-12-22 02:10:00,0.3202329,0.3206555,0.3193209,0.3193209,0.3202742,26839.94346894,29
2024-12-22 02:15:00,0.3196209,0.3205273,0.3191907,0.3194294,0.3199221,18060.93830807,35
2024-12-22 02:20:00,0.3191774,0.3191774,0.3175133,0.3175476,0.3190193,122645.66968061,59
2024-12-22 02:25:00,0.3177556,0.3193317,0.3177556,0.3192857,0.3184994,11486.00835149,41
2024-12-22 02:30:00,0.3193266,0.3195152,0.3176797,0.3176797,0.3184266,22090.02515990,30
2024-12-22 02:35:00,0.3178128,0.3180046,0.3155442,0.3161771,0.3175205,215774.64754910,85
2024-12-22 02:40:00,0.3159368,0.3168765,0.3158476,0.3159632,0.3162777,59578.10886323,40
2024-12-22 02:45:00,0.3159079,0.3169260,0.3159079,0.3168534,0.3165956,35070.71046021,46
2024-12-22 02:50:00,0.3163254,0.3175375,0.3161913,0.3168572,0.3167725,31733.38341711,62
2024-12-22 02:55:00,0.3164763,0.3167003,0.3151214,0.3163802,0.3158901,123554.32581587,74
2024-12-22 03:00:00,0.3164015,0.3166773,0.3141564,0.3141564,0.3144471,279162.97924555,74
2024-12-22 03:05:00,0.3142585,0.3142585,0.3123166,0.3128109,0.3131163,612500.19562115,171
2024-12-22 03:10:00,0.3124385,0.3138296,0.3124273,0.3133502,0.3129954,66169.53633538,67
2024-12-22 03:15:00,0.3131919,0.3165734,0.3129018,0.3165734,0.3150716,878770.24479531,178
2024-12-22 03:20:00,0.3164723,0.3194517,0.3164723,0.3180764,0.3184861,139615.17811301,93
2024-12-22 03:25:00,0.3186678,0.3201969,0.3184464,0.3187934,0.3193880,106633.99630846,66
2024-12-22 03:30:00,0.3187935,0.3195021,0.3185535,0.3190749,0.3190541,355440.69586566,123
2024-12-22 03:35:00,0.3190148,0.3192510,0.3185905,0.3185905,0.3189421,29393.17571793,19
2024-12-22 03:40:00,0.3184649,0.3184649,0.3170587,0.3172477,0.3172271,163516.98927132,37
2024-12-22 03:45:00,0.3172173,0.3174003,0.3154686,0.3154686,0.3159040,321783.92515189,65
2024-12-22 03:50:00,0.3156795,0.3170884,0.3155333,0.3169341,0.3156130,50991.30805482,27
2024-12-22 03:55:00,0.3167369,0.3180252,0.3167256,0.3180252,0.3177707,12855.32630215,45
2024-12-22 04:00:00,0.3178240,0.3182541,0.3167525,0.3169029,0.3177074,84367.12600926,44
2024-12-22 04:05:00,0.3170725,0.3181169,0.3159975,0.3181169,0.3168894,10330.11108956,44
2024-12-22 04:10:00,0.3182966,0.3183392,0.3174847,0.3174847,0.3181411,25866.56845287,18
2024-12-22 04:15:00,0.3171342,0.3174505,0.3160511,0.3172833,0.3169418,23464.06257897,52
2024-12-22 04:20:00,0.3174591,0.3174591,0.3161849,0.3162527,0.3171727,14310.39994807,11
2024-12-22 04:25:00,0.3159709,0.3163340,0.3155628,0.3163340,0.3159692,255019.57953497,84
2024-12-22 04:30:00,0.3163750,0.3166107,0.3143769,0.3143769,0.3152066,103519.60448729,41
2024-12-22 04:35:00,0.3143769,0.3144597,0.3128366,0.3130024,0.3132775,579271.05387695,91
2024-12-22 04:40:00,0.3130666,0.3136251,0.3113913,0.3113913,0.3121026,954917.83143519,110
2024-12-22 04:45:00,0.3116054,0.3123918,0.3108510,0.3108510,0.3114970,788452.49028124,100
2024-12-22 04:50:00,0.3109779,0.3109779,0.3094164,0.3100026,0.3098546,479182.73693197,191
2024-12-22 04:55:00,0.3101569,0.3109567,0.3096773,0.3096773,0.3105182,89923.82600749,88
2024-12-22 05:00:00,0.3094137,0.3106092,0.3093922,0.3097539,0.3097959,385743.21429923,84
2024-12-22 05:05:00,0.3094796,0.3094856,0.3059727,0.3061888,0.3070390,856047.12456592,311
2024-12-22 05:10:00,0.3061820,0.3082013,0.3059747,0.3071843,0.3067288,508327.94512932,186
2024-12-22 05:15:00,0.3072994,0.3090248,0.3069292,0.3089880,0.3087128,1271829.58640963,158
2024-12-22 05:20:00,0.3084134,0.3084134,0.3055500,0.3071609,0.3070689,243254.23398473,86
2024-12-22 05:25:00,0.3072514,0.3079037,0.3067553,0.3078280,0.3073402,674532.16325829,275
2024-12-22 05:30:00,0.3075989,0.3099936,0.3075989,0.3099106,0.3090346,72937.15875182,81
2024-12-22 05:35:00,0.3098272,0.3111397,0.3098035,0.3111397,0.3105105,719089.18533370,136
2024-12-22 05:40:00,0.3111397,0.3111397,0.3087827,0.3090662,0.3106830,588763.36901489,171
2024-12-22 05:45:00,0.3090074,0.3098008,0.3089820,0.3094343,0.3096204,979923.20805506,66
2024-12-22 05:50:00,0.3094417,0.3117175,0.3094417,0.3114744,0.3108384,99906.66026340,86
2024-12-22 05:55:00,0.3113176,0.3113176,0.3100429,0.3100429,0.3108481,44933.78611587,26
2024-12-22 06:00:00,0.3100290,0.3102570,0.3098575,0.3102570,0.3100833,146429.52581163,55
2024-12-22 06:05:00,0.3102972,0.3119829,0.3102972,0.3119829,0.3115692,82943.61844373,83
2024-12-22 06:10:00,0.3119941,0.3127778,0.3119941,0.3127778,0.3124596,5776.77740466,50
2024-12-22 06:15:00,0.3129954,0.3131167,0.3120698,0.3131167,0.3129415,33866.37490280,33
2024-12-22 06:20:00,0.3131243,0.3145604,0.3125572,0.3145604,0.3140209,141383.31948812,78
2024-12-22 06:25:00,0.3147049,0.3159866,0.3141183,0.3144913,0.3148179,138748.74079523,76
2024-12-22 06:30:00,0.3142260,0.3143243,0.3138878,0.3143243,0.3140745,52930.09255062,28
2024-12-22 06:35:00,0.3143805,0.3152554,0.3140447,0.3140447,0.3149929,357458.05419944,66
2024-12-22 06:40:00,0.3141944,0.3145107,0.3138027,0.3144442,0.3140533,158822.83092454,72
2024-12-22 06:45:00,0.3145107,0.3154025,0.3145107,0.3149520,0.3150199,43607.95684101,40
2024-12-22 06:50:00,0.3148078,0.3153485,0.3147577,0.3151604,0.3151626,19789.86642134,21
2024-12-22 06:55:00,0.3151863,0.3155190,0.3151616,0.3151616,0.3153626,6497.25225489,17
2024-12-22 07:00:00,0.3153287,0.3162595,0.3147459,0.3149819,0.3154813,25428.20952010,42
2024-12-22 07:05:00,0.3145988,0.3147620,0.3143581,0.3147620,0.3145553,66289.11405517,38
2024-12-22 07:10:00,0.3147620,0.3159900,0.3147620,0.3158620,0.3156267,14449.95632253,38
2024-12-22 07:15:00,0.3158001,0.3158800,0.3145908,0.3146813,0.3157753,417996.80792822,54
2024-12-22 07:20:00,0.3144390,0.3144390,0.3137248,0.3137309,0.3141688,557305.42295969,119
2024-12-22 07:25:00,0.3135031,0.3140912,0.3135031,0.3140912,0.3138159,578.45590612,12
2024-12-22 07:30:00,0.3140911,0.3141751,0.3127325,0.3128596,0.3134394,105836.23677718,39
2024-12-22 07:35:00,0.3130008,0.3130190,0.3117898,0.3119827,0.3118343,85281.54984108,37
2024-12-22 07:40:00,0.3118466,0.3129398,0.3116459,0.3127651,0.3119987,126988.82276426,136
2024-12-22 07:45:00,0.3124027,0.3130029,0.3122153,0.3127355,0.3124672,18500.03328054,28
2024-12-22 07:50:00,0.3124038,0.3124038,0.3118263,0.3123615,0.3118950,27391.25308642,25
2024-12-22 07:55:00,0.3121906,0.3126527,0.3121906,0.3125680,0.3125848,39618.54539963,22
2024-12-22 08:00:00,0.3125681,0.3167817,0.3125681,0.3162925,0.3156030,143078.59811673,191
2024-12-22 08:05:00,0.3164703,0.3182482,0.3161224,0.3176348,0.3170479,218772.68174347,143
2024-12-22 08:10:00,0.3176347,0.3176347,0.3160758,0.3164182,0.3164073,390859.73698410,51
2024-12-22 08:15:00,0.3164546,0.3180748,0.3154408,0.3180748,0.3165724,93904.16519567,61
2024-12-22 08:20:00,0.3178970,0.3180000,0.3169581,0.3169581,0.3176168,61193.52043396,47
2024-12-22 08:25:00,0.3167993,0.3172428,0.3165000,0.3167826,0.3166882,62559.84665265,43
2024-12-22 08:30:00,0.3165000,0.3169956,0.3158663,0.3166632,0.3160001,444602.16742649,68
2024-12-22 08:35:00,0.3164416,0.3164416,0.3155876,0.3156773,0.3157215,17636.60290411,8
2024-12-22 08:40:00,0.3150144,0.3154537,0.3150144,0.3154537,0.3154460,234218.86877993,139
2024-12-22 08:45:00,0.3154537,0.3163829,0.3154537,0.3163829,0.3159167,261579.72096796,155
2024-12-22 08:50:00,0.3165140,0.3167613,0.3164695,0.3165969,0.3166410,1906.98590743,17
2024-12-22 08:55:00,0.3166358,0.3166358,0.3158175,0.3159018,0.3160350,43236.37493863,16
2024-12-22 09:00:00,0.3159894,0.3165669,0.3155559,0.3157838,0.3163526,23463.85589603,25
2024-12-22 09:05:00,0.3153504,0.3153504,0.3150852,0.3151146,0.3151505,2235.89461568,4
2024-12-22 09:10:00,0.3152490,0.3159501,0.3152490,0.3155646,0.3154976,7974.53676712,33
2024-12-22 09:15:00,0.3158687,0.3161749,0.3155527,0.3161749,0.3160195,7683.00011573,24
2024-12-22 09:20:00,0.3161161,0.3169000,0.3161040,0.3168108,0.3166206,44465.42301324,43
2024-12-22 09:25:00,0.3168108,0.3184896,0.3168108,0.3178670,0.3181268,55082.14188307,55
2024-12-22 09:30:00,0.3179877,0.3192155,0.3179877,0.3189902,0.3189357,10807.76574110,50
2024-12-22 09:35:00,0.3190145,0.3219659,0.3190145,0.3219659,0.3211389,258752.51513728,159
2024-12-22 09:40:00,0.3219659,0.3230000,0.3219063,0.3229999,0.3226486,322538.39274664,102
2024-12-22 09:45:00,0.3227450,0.3245920,0.3220658,0.3227524,0.3240730,1705470.82033020,272
2024-12-22 09:50:00,0.3228835,0.3228835,0.3207160,0.3207877,0.3209121,102183.59830713,74
2024-12-22 09:55:00,0.3210674,0.3214149,0.3195181,0.3200503,0.3205626,337592.82844370,70
2024-12-22 10:00:00,0.3198916,0.3209714,0.3198916,0.3200000,0.3206437,20730.44618387,22
2024-12-22 10:05:00,0.3194825,0.3217284,0.3193902,0.3208885,0.3208707,53019.61792205,45
2024-12-22 10:10:00,0.3206439,0.3211344,0.3205281,0.3205281,0.3208249,20719.43671742,14
2024-12-22 10:15:00,0.3204229,0.3217356,0.3204229,0.3216612,0.3215247,13242.82949232,46
2024-12-22 10:20:00,0.3216112,0.3221214,0.3216112,0.3219124,0.3219258,12763.95258724,28
2024-12-22 10:25:00,0.3215615,0.3217372,0.3209945,0.3212699,0.3214105,25208.00218690,23
2024-12-22 10:30:00,0.3213042,0.3227600,0.3210002,0.3220614,0.3216796,23075.65433929,45
2024-12-22 10:35:00,0.3220772,0.3226306,0.3217019,0.3225472,0.3221853,53411.03814368,41
2024-12-22 10:40:00,0.3224575,0.3224575,0.3213749,0.3218785,0.3215101,368292.51296849,28
2024-12-22 10:45:00,0.3214578,0.3218786,0.3202000,0.3206123,0.3206647,380434.93973698,42
2024-12-22 10:50:00,0.3206057,0.3211977,0.3206057,0.3211064,0.3210684,15480.67960254,18
2024-12-22 10:55:00,0.3211670,0.3211670,0.3206121,0.3206751,0.3206442,80577.13455941,14
2024-12-22 11:00:00,0.3201378,0.3209734,0.3197821,0.3206858,0.3199577,58850.21727795,44
2024-12-22 11:05:00,0.3206858,0.3210681,0.3205709,0.3210126,0.3209129,14779.21837585,27
2024-12-22 11:10:00,0.3209549,0.3210934,0.3204749,0.3210934,0.3207745,12156.11923151,16
2024-12-22 11:15:00,0.3208300,0.3208300,0.3192000,0.3196296,0.3197838,23862.56704253,35
2024-12-22 11:20:00,0.3197972,0.3213452,0.3197972,0.3210657,0.3206819,22964.68457384,39
2024-12-22 11:25:00,0.3211232,0.3216929,0.3211232,0.3212022,0.3214378,2936.19723887,20
2024-12-22 11:30:00,0.3211206,0.3211206,0.3202111,0.3202111,0.3207613,70396.30211113,21
2024-12-22 11:35:00,0.3204419,0.3208859,0.3200000,0.3208859,0.3201575,40009.92726278,45
2024-12-22 11:40:00,0.3212528,0.3212528,0.3209845,0.3211633,0.3211987,36349.69647815,8
2024-12-22 11:45:00,0.3209634,0.3209634,0.3207991,0.3207992,0.3208201,364.74557802,3
2024-12-22 11:50:00,0.3209395,0.3213117,0.3209395,0.3211161,0.3211525,47282.27093717,29
2024-12-22 11:55:00,0.3212409,0.3216399,0.3212409,0.3215000,0.3215886,22525.43143294,22
2024-12-22 12:00:00,0.3211624,0.3228756,0.3208860,0.3226611,0.3223947,194609.73235858,91
2024-12-22 12:05:00,0.3229224,0.3233296,0.3210184,0.3210184,0.3214668,149221.53666758,45
2024-12-22 12:10:00,0.3210199,0.3210199,0.3195324,0.3198069,0.3198649,72974.85801071,34
2024-12-22 12:15:00,0.3201688,0.3217160,0.3201688,0.3210293,0.3210097,198480.11606489,59
2024-12-22 12:20:00,0.3206541,0.3220614,0.3206541,0.3220614,0.3219476,435705.69124680,67
2024-12-22 12:25:00,0.3216916,0.3218421,0.3215120,0.3218030,0.3216308,39089.24508902,17
2024-12-22 12:30:00,0.3218585,0.3235616,0.3218585,0.3232964,0.3228262,148249.67607891,94
2024-12-22 12:35:00,0.3229567,0.3233210,0.3225972,0.3225972,0.3228575,2899.80717378,11
2024-12-22 12:40:00,0.3223536,0.3227691,0.3217656,0.3227690,0.3224743,50071.69922515,41
2024-12-22 12:45:00,0.3221813,0.3226812,0.3217507,0.3221361,0.3219439,6872.10455216,9
2024-12-22 12:50:00,0.3217868,0.3221873,0.3215014,0.3215014,0.3217234,22649.48730847,14
2024-12-22 12:55:00,0.3212353,0.3215041,0.3210000,0.3210000,0.3212782,41942.74262135,36
2024-12-22 13:00:00,0.3208488,0.3215159,0.3202254,0.3207799,0.3208739,121748.12840367,41
2024-12-22 13:05:00,0.3201878,0.3201878,0.3189590,0.3196109,0.3197054,369289.80203580,49
2024-12-22 13:10:00,0.3197577,0.3209909,0.3197577,0.3209909,0.3204005,25509.60549240,40
2024-12-22 13:15:00,0.3209910,0.3212823,0.3200000,0.3200565,0.3200196,363311.60636156,96
2024-12-22 13:20:00,0.3202588,0.3216208,0.3201851,0.3216208,0.3206666,24160.84302389,39
2024-12-22 13:25:00,0.3216207,0.3221056,0.3216012,0.3216012,0.3218287,54164.20319488,30
2024-12-22 13:30:00,0.3214201,0.3221799,0.3210019,0.3221799,0.3211410,186757.13018147,72
2024-12-22 13:35:00,0.3219134,0.3222052,0.3216120,0.3216441,0.3218894,27596.73509853,22
2024-12-22 13:40:00,0.3213436,0.3218938,0.3212988,0.3218938,0.3215575,64660.71290049,24
2024-12-22 13:45:00,0.3217828,0.3218551,0.3196250,0.3199624,0.3205006,83550.53743961,29
2024-12-22 13:50:00,0.3195200,0.3198998,0.3186789,0.3198998,0.3193138,39286.87949222,39
2024-12-22 13:55:00,0.3198753,0.3203802,0.3194366,0.3201663,0.3197412,44361.84416931,25
2024-12-22 14:00:00,0.3201548,0.3208438,0.3200032,0.3206930,0.3201991,22540.63924404,33
2024-12-22 14:05:00,0.3194968,0.3194968,0.3172781,0.3176377,0.3174431,219756.40801925,56
2024-12-22 14:10:00,0.3178139,0.3184233,0.3171862,0.3183090,0.3177651,228696.09321320,96
2024-12-22 14:15:00,0.3182818,0.3182818,0.3171439,0.3174404,0.3175622,83807.47957785,31
2024-12-22 14:20:00,0.3174403,0.3174403,0.3148655,0.3155018,0.3156676,173460.22947020,116
2024-12-22 14:25:00,0.3147877,0.3147877,0.3121057,0.3128052,0.3133997,934183.82498838,188
2024-12-22 14:30:00,0.3124470,0.3136706,0.3107468,0.3107468,0.3114393,2365370.43227484,254
2024-12-22 14:35:00,0.3108474,0.3116620,0.3098995,0.3106844,0.3103364,762104.60273403,187
2024-12-22 14:40:00,0.3106843,0.3111552,0.3090441,0.3105196,0.3100917,614028.51145222,150
2024-12-22 14:45:00,0.3106870,0.3135432,0.3106870,0.3123000,0.3123359,1848334.66133533,240
2024-12-22 14:50:00,0.3118649,0.3118649,0.3097281,0.3099855,0.3107082,1158812.71391386,102
2024-12-22 14:55:00,0.3099931,0.3107450,0.3090501,0.3096746,0.3098803,123585.61348912,134
2024-12-22 15:00:00,0.3097090,0.3118031,0.3097090,0.3111274,0.3109494,77072.13810199,66
2024-12-22 15:05:00,0.3112310,0.3120000,0.3107481,0.3115238,0.3116033,661354.30919976,107
2024-12-22 15:10:00,0.3113192,0.3123059,0.3113192,0.3121598,0.3120491,1010494.99961567,84
2024-12-22 15:15:00,0.3118782,0.3131041,0.3113718,0.3117307,0.3121790,471096.20056706,88
2024-12-22 15:20:00,0.3118102,0.3131521,0.3118102,0.3129641,0.3126739,127813.41617157,66
2024-12-22 15:25:00,0.3128445,0.3142226,0.3126115,0.3133897,0.3135986,140273.40364909,68
2024-12-22 15:30:00,0.3131717,0.3132658,0.3119115,0.3121877,0.3122931,66005.37442464,33
2024-12-22 15:35:00,0.3118936,0.3118936,0.3109350,0.3115338,0.3114513,26330.78342682,28
2024-12-22 15:40:00,0.3112749,0.3124592,0.3111850,0.3124592,0.3114846,68490.10032428,72
2024-12-22 15:45:00,0.3121433,0.3130140,0.3112016,0.3113459,0.3117835,42532.22780582,47
2024-12-22 15:50:00,0.3113728,0.3120079,0.3113302,0.3119818,0.3116044,240896.92894203,82
2024-12-22 15:55:00,0.3117855,0.3131662,0.3117663,0.3125674,0.3126249,52874.97294698,102
2024-12-22 16:00:00,0.3125676,0.3125676,0.3099912,0.3116458,0.3105414,270809.98620300,63
2024-12-22 16:05:00,0.3113645,0.3131808,0.3113136,0.3126067,0.3121580,214337.01263890,86
2024-12-22 16:10:00,0.3117273,0.3129682,0.3117273,0.3123324,0.3123332,79271.75568937,46
2024-12-22 16:15:00,0.3122904,0.3156864,0.3121069,0.3149961,0.3147395,354331.46165895,167
2024-12-22 16:20:00,0.3150338,0.3160325,0.3144000,0.3144000,0.3159011,171675.63970605,80
2024-12-22 16:25:00,0.3144000,0.3157163,0.3142680,0.3152583,0.3148197,49442.92804283,62
2024-12-22 16:30:00,0.3151163,0.3172004,0.3150344,0.3167900,0.3160780,355369.06829053,166
2024-12-22 16:35:00,0.3168638,0.3185514,0.3168638,0.3170183,0.3181011,152648.29888882,122
2024-12-22 16:40:00,0.3170182,0.3170182,0.3157549,0.3157549,0.3162850,75269.34799294,33
2024-12-22 16:45:00,0.3156252,0.3168738,0.3153026,0.3160970,0.3159839,434430.65087742,167
2024-12-22 16:50:00,0.3162465,0.3175969,0.3162465,0.3166735,0.3171433,50530.56667233,52
2024-12-22 16:55:00,0.3166852,0.3167883,0.3161665,0.3167272,0.3163556,22380.44584674,32
2024-12-22 17:00:00,0.3167272,0.3174594,0.3162678,0.3169599,0.3167644,44595.50679503,75
2024-12-22 17:05:00,0.3164118,0.3170616,0.3161745,0.3169992,0.3166931,37058.84262852,34
2024-12-22 17:10:00,0.3168360,0.3171489,0.3161779,0.3166652,0.3167801,924037.94126982,75
2024-12-22 17:15:00,0.3169633,0.3175171,0.3168814,0.3175171,0.3170838,419283.26137675,87
2024-12-22 17:20:00,0.3174780,0.3179521,0.3172126,0.3175872,0.3173795,72852.42359826,50
2024-12-22 17:25:00,0.3171055,0.3171763,0.3162724,0.3170339,0.3167280,133021.45495611,44
2024-12-22 17:30:00,0.3171301,0.3203659,0.3169716,0.3199434,0.3194514,220304.85962879,146
2024-12-22 17:35:00,0.3199774,0.3201281,0.3190587,0.3191636,0.3196074,288225.06963422,120
2024-12-22 17:40:00,0.3190621,0.3193428,0.3189808,0.3190863,0.3190449,105467.62170485,21
2024-12-22 17:45:00,0.3190862,0.3190864,0.3178764,0.3178764,0.3186744,79651.12725578,33
2024-12-22 17:50:00,0.3177905,0.3182425,0.3176659,0.3180000,0.3179981,113459.91691171,18
2024-12-22 17:55:00,0.3176850,0.3182053,0.3172928,0.3176819,0.3175318,106227.25359287,40
2024-12-22 18:00:00,0.3176819,0.3192522,0.3176316,0.3192522,0.3176907,1102362.98822680,264
2024-12-22 18:05:00,0.3193586,0.3193586,0.3180018,0.3180018,0.3187117,12666.24419089,13
2024-12-22 18:10:00,0.3178017,0.3179274,0.3158382,0.3168979,0.3170036,16810.92882365,39
2024-12-22 18:15:00,0.3167906,0.3182532,0.3166406,0.3174086,0.3174926,53080.08172963,79
2024-12-22 18:20:00,0.3174086,0.3176218,0.3167832,0.3173538,0.3172020,24302.44283981,41
2024-12-22 18:25:00,0.3173834,0.3191311,0.3173834,0.3191311,0.3186936,357916.74466998,90
2024-12-22 18:30:00,0.3191537,0.3212371,0.3191537,0.3208786,0.3200096,163077.90048010,116
2024-12-22 18:35:00,0.3205908,0.3207823,0.3184258,0.3184862,0.3190408,327207.84966341,84
2024-12-22 18:40:00,0.3187931,0.3192684,0.3185986,0.3188124,0.3189243,31822.92554074,27
2024-12-22 18:45:00,0.3187384,0.3187384,0.3178825,0.3178827,0.3184966,5762.87835652,15
2024-12-22 18:50:00,0.3179341,0.3179341,0.3169717,0.3172420,0.3174635,76504.83323791,28
2024-12-22 18:55:00,0.3172717,0.3177779,0.3170069,0.3172918,0.3175922,96987.79960352,35
2024-12-22 19:00:00,0.3172919,0.3176902,0.3170492,0.3172222,0.3175120,19145.12343133,33
2024-12-22 19:05:00,0.3169993,0.3175195,0.3166961,0.3169117,0.3172550,189345.64106314,45
2024-12-22 19:10:00,0.3166959,0.3166960,0.3142968,0.3146352,0.3151290,251605.41632085,87
2024-12-22 19:15:00,0.3150005,0.3161428,0.3145425,0.3152243,0.3158178,242272.69709123,97
2024-12-22 19:20:00,0.3150000,0.3150000,0.3138545,0.3144786,0.3141491,578013.57973944,72
2024-12-22 19:25:00,0.3144775,0.3147188,0.3144406,0.3145667,0.3144862,86409.35894620,73
2024-12-22 19:30:00,0.3144564,0.3145258,0.3126781,0.3132439,0.3128822,559648.23736973,76
2024-12-22 19:35:00,0.3132060,0.3134985,0.3125790,0.3130399,0.3129726,533533.74673827,90
2024-12-22 19:40:00,0.3125825,0.3126171,0.3116585,0.3121217,0.3121491,246157.82274910,96
2024-12-22 19:45:00,0.3121216,0.3127424,0.3117784,0.3117784,0.3122587,40969.62364336,51
2024-12-22 19:50:00,0.3117972,0.3117972,0.3097811,0.3097811,0.3108225,772731.47106921,115
2024-12-22 19:55:00,0.3101211,0.3102848,0.3083468,0.3093929,0.3093590,204805.87153673,112
2024-12-22 20:00:00,0.3095253,0.3099875,0.3066578,0.3067571,0.3076279,303783.53109749,90
2024-12-22 20:05:00,0.3068542,0.3071328,0.3048285,0.3049287,0.3059057,983931.98801588,249
2024-12-22 20:10:00,0.3048875,0.3075575,0.3047872,0.3055557,0.3059421,1043655.72058592,220
2024-12-22 20:15:00,0.3056444,0.3070864,0.3051209,0.3059362,0.3066528,1706597.61682197,223
2024-12-22 20:20:00,0.3056809,0.3086303,0.3053722,0.3086303,0.3076828,197669.52568461,149
2024-12-22 20:25:00,0.3084986,0.3106225,0.3084986,0.3099103,0.3098326,874619.73159149,194
2024-12-22 20:30:00,0.3096646,0.3127880,0.3096641,0.3117498,0.3111511,624861.92664147,200
2024-12-22 20:35:00,0.3117497,0.3120488,0.3103656,0.3110842,0.3116042,274809.57876605,70
2024-12-22 20:40:00,0.3112133,0.3125001,0.3112133,0.3121056,0.3116715,62091.13423164,53
2024-12-22 20:45:00,0.3121055,0.3131776,0.3118389,0.3131776,0.3126426,132183.09611147,91
2024-12-22 20:50:00,0.3130035,0.3138607,0.3129554,0.3134406,0.3135042,16276.45934933,62
2024-12-22 20:55:00,0.3135148,0.3140895,0.3134155,0.3138289,0.3135757,157333.07959028,90
2024-12-22 21:00:00,0.3137507,0.3139751,0.3121618,0.3124407,0.3136107,334727.55664442,64
2024-12-22 21:05:00,0.3124584,0.3147526,0.3124584,0.3147526,0.3144159,235808.09988577,145
2024-12-22 21:10:00,0.3147526,0.3153076,0.3141317,0.3141436,0.3147348,26799.89074580,52
2024-12-22 21:15:00,0.3142723,0.3152856,0.3142723,0.3146913,0.3150690,51864.98094626,57
2024-12-22 21:20:00,0.3145126,0.3153618,0.3144428,0.3149735,0.3152332,9916.61795976,36
2024-12-22 21:25:00,0.3152251,0.3158879,0.3152251,0.3157222,0.3154653,44408.40794186,48
2024-12-22 21:30:00,0.3156579,0.3156579,0.3143487,0.3145600,0.3146290,278332.86870305,79
2024-12-22 21:35:00,0.3141435,0.3142745,0.3136420,0.3141391,0.3138162,324357.98036037,58
2024-12-22 21:40:00,0.3138335,0.3146304,0.3138335,0.3143116,0.3141286,36397.51095617,55
2024-12-22 21:45:00,0.3142571,0.3142654,0.3124920,0.3126849,0.3130170,14792.78939205,26
2024-12-22 21:50:00,0.3123944,0.3138695,0.3121982,0.3136127,0.3125176,68245.64438117,89
2024-12-22 21:55:00,0.3136127,0.3136715,0.3128830,0.3129447,0.3131072,45482.95522487,22
2024-12-22 22:00:00,0.3129592,0.3129894,0.3110993,0.3112279,0.3121865,29424.05148259,38
2024-12-22 22:05:00,0.3108614,0.3108614,0.3077701,0.3078981,0.3092275,170079.76759906,133
2024-12-22 22:10:00,0.3077552,0.3100469,0.3070864,0.3089676,0.3087292,739286.89862185,146
2024-12-22 22:15:00,0.3092577,0.3118105,0.3092577,0.3112014,0.3112909,209742.22848364,105
2024-12-22 22:20:00,0.3101939,0.3101939,0.3088602,0.3092900,0.3090787,32253.66008022,36
2024-12-22 22:25:00,0.3091632,0.3092095,0.3077195,0.3085156,0.3083927,906099.18143441,69
2024-12-22 22:30:00,0.3085831,0.3110000,0.3085831,0.3097241,0.3102793,621900.92562260,119
2024-12-22 22:35:00,0.3098109,0.3109195,0.3098108,0.3106450,0.3104970,82336.82495301,47
2024-12-22 22:40:00,0.3105619,0.3106673,0.3100694,0.3105921,0.3104167,13925.90193151,17
2024-12-22 22:45:00,0.3104519,0.3111630,0.3104460,0.3110259,0.3110456,756654.51736330,59
2024-12-22 22:50:00,0.3111631,0.3115549,0.3102783,0.3115549,0.3112769,39254.01654121,47
2024-12-22 22:55:00,0.3115223,0.3132172,0.3109356,0.3132172,0.3127590,316205.09894543,113
2024-12-22 23:00:00,0.3128468,0.3132416,0.3113503,0.3132416,0.3114620,183402.03110019,61
2024-12-22 23:05:00,0.3132416,0.3156864,0.3132416,0.3153302,0.3151556,239457.07498591,185
2024-12-22 23:10:00,0.3150341,0.3150341,0.3132845,0.3132845,0.3140747,542820.71691956,81
2024-12-22 23:15:00,0.3130924,0.3139687,0.3123944,0.3128698,0.3134255,56708.85909908,46
2024-12-22 23:20:00,0.3125643,0.3131318,0.3121540,0.3131318,0.3124191,23291.51632246,38
2024-12-22 23:25:00,0.3132114,0.3135275,0.3129410,0.3131622,0.3131808,42527.10875694,37
2024-12-22 23:30:00,0.3132751,0.3134104,0.3115225,0.3121413,0.3121586,23766.65176518,34
2024-12-22 23:35:00,0.3119181,0.3127440,0.3110422,0.3110626,0.3119019,58441.14744490,46
2024-12-22 23:40:00,0.3108608,0.3117827,0.3108608,0.3117168,0.3112840,35437.37951489,39
2024-12-22 23:45:00,0.3117962,0.3125926,0.3117962,0.3125033,0.3125235,332131.71608273,77
2024-12-22 23:50:00,0.3125076,0.3129353,0.3117858,0.3117858,0.3125323,6507.30537113,28
2024-12-22 23:55:00,0.3113482,0.3123223,0.3113482,0.3122592,0.3122284,415675.85447383,163
2024-12-23 00:00:00,0.3121359,0.3128381,0.3110739,0.3114005,0.3117049,34204.91263522,57
2024-12-23 00:05:00,0.3116825,0.3125978,0.3108642,0.3113300,0.3117113,25944.37667320,29
2024-12-23 00:10:00,0.3109305,0.3114200,0.3093923,0.3114200,0.3105009,23679.37702848,55
2024-12-23 00:15:00,0.3109631,0.3114542,0.3091650,0.3097357,0.3093011,713270.69182832,60
2024-12-23 00:20:00,0.3094765,0.3112668,0.3094765,0.3112668,0.3104173,498810.49382497,121
2024-12-23 00:25:00,0.3111595,0.3111595,0.3082603,0.3089679,0.3090610,24747.91736390,47
2024-12-23 00:30:00,0.3086668,0.3089136,0.3069687,0.3072801,0.3082727,145984.72515258,74
2024-12-23 00:35:00,0.3069073,0.3090189,0.3067751,0.3084460,0.3088697,353689.39185471,54
2024-12-23 00:40:00,0.3084184,0.3092819,0.3080837,0.3083905,0.3087874,317922.66016571,69
2024-12-23 00:45:00,0.3084348,0.3105142,0.3084348,0.3095172,0.3095173,526447.88270280,92
2024-12-23 00:50:00,0.3094373,0.3094373,0.3079099,0.3080175,0.3083431,293498.54902660,88
2024-12-23 00:55:00,0.3083538,0.3089848,0.3083256,0.3085498,0.3085584,347235.36456165,89
2024-12-23 01:00:00,0.3086638,0.3097601,0.3086264,0.3093460,0.3091242,144148.75510037,67
2024-12-23 01:05:00,0.3092419,0.3098792,0.3072976,0.3086097,0.3085022,30386.30273343,54
2024-12-23 01:10:00,0.3087371,0.3094000,0.3059247,0.3064816,0.3063204,327159.83512809,76
2024-12-23 01:15:00,0.3064816,0.3064816,0.3032318,0.3037211,0.3043766,835741.34132179,352
2024-12-23 01:20:00,0.3032949,0.3060302,0.3028363,0.3050953,0.3036284,723822.75486385,220
2024-12-23 01:25:00,0.3048000,0.3074607,0.3039127,0.3073280,0.3068008,362741.84750098,99
2024-12-23 01:30:00,0.3073011,0.3112686,0.3073011,0.3103870,0.3088346,1303927.18624233,303
2024-12-23 01:35:00,0.3104937,0.3141638,0.3104937,0.3130496,0.3113537,403142.00395089,196
2024-12-23 01:40:00,0.3133498,0.3138548,0.3114894,0.3126475,0.3124143,95557.67692166,69
2024-12-23 01:45:00,0.3126028,0.3127635,0.3108160,0.3108160,0.3112647,923929.64556664,72
2024-12-23 01:50:00,0.3108160,0.3115117,0.3097097,0.3104450,0.3106743,893409.80350704,121
2024-12-23 01:55:00,0.3102726,0.3105724,0.3082699,0.3086195,0.3085591,340700.90130913,46
2024-12-23 02:00:00,0.3089247,0.3107880,0.3087190,0.3103384,0.3094504,1347798.17508186,248
2024-12-23 02:05:00,0.3101793,0.3101793,0.3072667,0.3077535,0.3082297,182394.14155343,71
2024-12-23 02:10:00,0.3075298,0.3075298,0.3051209,0.3060338,0.3058006,1263689.29977529,251
2024-12-23 02:15:00,0.3056395,0.3063348,0.3041429,0.3062683,0.3053084,622429.93460966,150
2024-12-23 02:20:00,0.3052174,0.3057838,0.3042937,0.3046458,0.3050098,376617.63832100,52
2024-12-23 02:25:00,0.3046459,0.3057741,0.3039777,0.3057741,0.3046719,145642.46371854,100
2024-12-23 02:30:00,0.3057741,0.3070352,0.3042956,0.3042956,0.3059594,536714.50309607,81
2024-12-23 02:35:00,0.3043632,0.3075460,0.3043632,0.3075460,0.3051417,879048.49546607,110
2024-12-23 02:40:00,0.3078669,0.3103216,0.3078669,0.3101061,0.3089481,14449.11821582,55
2024-12-23 02:45:00,0.3101942,0.3118608,0.3086194,0.3089885,0.3103282,718072.59882293,149
2024-12-23 02:50:00,0.3089086,0.3101388,0.3084339,0.3099217,0.3091315,397281.90965300,114
2024-12-23 02:55:00,0.3098908,0.3111046,0.3098908,0.3106955,0.3105734,274515.48256394,65
2024-12-23 03:00:00,0.3104036,0.3108554,0.3095552,0.3107343,0.3104266,100773.88053413,51
2024-12-23 03:05:00,0.3105307,0.3121707,0.3101824,0.3120253,0.3115599,307448.77688987,111
2024-12-23 03:10:00,0.3118966,0.3158260,0.3118966,0.3158260,0.3147257,472423.62192160,183
2024-12-23 03:15:00,0.3155710,0.3181169,0.3155201,0.3162458,0.3164103,742615.38820436,211
2024-12-23 03:20:00,0.3162535,0.3177224,0.3149784,0.3173002,0.3165766,454171.07843846,166
2024-12-23 03:25:00,0.3175098,0.3200566,0.3175098,0.3198487,0.3193094,191762.70982103,163
2024-12-23 03:30:00,0.3198488,0.3204499,0.3181439,0.3194733,0.3195466,831339.36599662,167
2024-12-23 03:35:00,0.3194732,0.3200926,0.3176343,0.3192809,0.3188623,39507.59760676,74
2024-12-23 03:40:00,0.3192911,0.3202829,0.3192282,0.3197609,0.3193197,79800.70142267,69
2024-12-23 03:45:00,0.3199607,0.3199607,0.3188472,0.3191876,0.3193483,126693.73015897,43
2024-12-23 03:50:00,0.3192965,0.3206990,0.3192580,0.3203439,0.3204601,82664.83001341,88
2024-12-23 03:55:00,0.3197517,0.3211317,0.3195344,0.3202418,0.3201398,115466.69386280,78
2024-12-23 04:00:00,0.3202702,0.3203657,0.3183667,0.3203344,0.3197238,748720.35267624,104
2024-12-23 04:05:00,0.3203649,0.3216859,0.3195004,0.3202878,0.3203521,273352.29851793,109
2024-12-23 04:10:00,0.3202983,0.3218487,0.3202983,0.3210287,0.3211534,231882.40349330,104
2024-12-23 04:15:00,0.3210343,0.3213247,0.3200126,0.3213247,0.3205666,67155.77360256,41
2024-12-23 04:20:00,0.3214469,0.3215706,0.3200482,0.3200483,0.3205857,406456.80202989,72
2024-12-23 04:25:00,0.3200483,0.3200483,0.3187891,0.3187909,0.3198290,390328.56699250,72
2024-12-23 04:30:00,0.3187910,0.3196313,0.3178037,0.3180418,0.3187719,258826.77570428,79
2024-12-23 04:35:00,0.3180418,0.3185227,0.3180418,0.3183021,0.3182354,12785.86328003,41
2024-12-23 04:40:00,0.3176196,0.3176196,0.3155846,0.3155846,0.3164489,92223.92901085,57
2024-12-23 04:45:00,0.3159788,0.3175504,0.3159280,0.3170121,0.3170516,168472.04259618,83
2024-12-23 04:50:00,0.3170000,0.3173242,0.3166293,0.3173217,0.3169994,70345.55943350,47
2024-12-23 04:55:00,0.3173217,0.3181338,0.3171349,0.3172086,0.3176190,262269.29194231,89
2024-12-23 05:00:00,0.3170334,0.3181544,0.3165767,0.3173204,0.3177079,10716.00774072,53
2024-12-23 05:05:00,0.3170952,0.3172538,0.3163906,0.3164097,0.3168312,5421.86978287,17
2024-12-23 05:10:00,0.3164424,0.3164424,0.3154991,0.3154991,0.3159133,138830.12613449,53
2024-12-23 05:15:00,0.3154515,0.3154515,0.3137523,0.3137523,0.3143665,96392.83054719,63
2024-12-23 05:20:00,0.3137279,0.3156352,0.3134872,0.3155282,0.3142361,114138.81256766,220
2024-12-23 05:25:00,0.3152450,0.3163078,0.3152450,0.3162390,0.3162411,195625.10450747,66
2024-12-23 05:30:00,0.3161752,0.3171008,0.3161752,0.3165798,0.3168544,298898.99675188,85
2024-12-23 05:35:00,0.3163168,0.3163168,0.3148192,0.3152164,0.3154286,15120.52431795,47
2024-12-23 05:40:00,0.3150818,0.3160714,0.3150277,0.3158634,0.3155295,30639.00398945,46
2024-12-23 05:45:00,0.3156405,0.3156653,0.3150745,0.3152814,0.3155915,29242.31155999,13
2024-12-23 05:50:00,0.3154241,0.3162243,0.3154241,0.3155939,0.3157267,17402.71670188,44
2024-12-23 05:55:00,0.3155000,0.3155000,0.3150001,0.3153542,0.3152527,5530.30245888,23
2024-12-23 06:00:00,0.3154069,0.3160179,0.3154069,0.3155931,0.3157684,2199.82622843,33
2024-12-23 06:05:00,0.3151657,0.3151657,0.3122141,0.3124885,0.3131176,252644.41255177,100
2024-12-23 06:10:00,0.3125078,0.3126853,0.3112445,0.3112445,0.3117835,260986.85019082,75
2024-12-23 06:15:00,0.3113465,0.3127444,0.3113465,0.3123640,0.3123386,108675.21145670,71
2024-12-23 06:20:00,0.3123771,0.3140577,0.3123771,0.3140338,0.3132600,271691.79023516,98
2024-12-23 06:25:00,0.3140584,0.3141528,0.3129348,0.3130685,0.3140554,9898.67920815,18
2024-12-23 06:30:00,0.3129893,0.3130298,0.3107469,0.3107470,0.3113134,93157.93143851,48
2024-12-23 06:35:00,0.3107468,0.3107720,0.3097295,0.3097295,0.3100380,79998.94438183,111
2024-12-23 06:40:00,0.3096490,0.3111180,0.3093923,0.3111180,0.3107215,139516.52023948,82
2024-12-23 06:45:00,0.3107384,0.3111316,0.3101001,0.3110913,0.3105365,292266.97656166,66
2024-12-23 06:50:00,0.3104133,0.3106053,0.3093924,0.3099252,0.3101141,59505.23711102,27
2024-12-23 06:55:00,0.3099752,0.3103619,0.3099405,0.3099405,0.3101753,8650.84402564,39
2024-12-23 07:00:00,0.3100885,0.3114841,0.3100885,0.3107720,0.3107486,17160.86978171,69
2024-12-23 07:05:00,0.3106271,0.3119840,0.3106271,0.3114449,0.3113279,23322.59574046,59
2024-12-23 07:10:00,0.3114045,0.3123166,0.3113975,0.3123166,0.3114888,90040.00142655,62
2024-12-23 07:15:00,0.3121352,0.3121352,0.3087132,0.3088161,0.3096716,122922.33279688,83
2024-12-23 07:20:00,0.3088450,0.3103873,0.3088450,0.3100145,0.3094821,59509.56716147,78
2024-12-23 07:25:00,0.3100224,0.3124682,0.3100224,0.3122309,0.3121012,18953.17407137,71
2024-12-23 07:30:00,0.3123072,0.3123072,0.3112038,0.3112038,0.3122024,27615.22624893,28
2024-12-23 07:35:00,0.3111728,0.3118421,0.3106837,0.3112347,0.3111882,33753.73339594,39
2024-12-23 07:40:00,0.3112347,0.3119943,0.3112347,0.3116705,0.3116879,17979.71959820,43
2024-12-23 07:45:00,0.3117120,0.3136393,0.3117120,0.3130793,0.3129941,97095.46467154,100
2024-12-23 07:50:00,0.3126231,0.3126231,0.3121605,0.3124070,0.3122425,13253.60628603,26
2024-12-23 07:55:00,0.3118804,0.3122600,0.3116001,0.3120826,0.3120834,359210.85293513,50
2024-12-23 08:00:00,0.3122003,0.3132087,0.3119226,0.3129903,0.3124668,37342.63864604,96
2024-12-23 08:05:00,0.3130804,0.3130861,0.3114465,0.3127140,0.3120526,68317.53920645,45
2024-12-23 08:10:00,0.3125259,0.3138240,0.3123955,0.3132470,0.3136023,25541.96884496,67
2024-12-23 08:15:00,0.3130753,0.3135622,0.3129969,0.3134923,0.3134279,43177.93355175,48
2024-12-23 08:20:00,0.3130919,0.3131877,0.3129745,0.3130633,0.3130301,38376.88251985,21
2024-12-23 08:25:00,0.3130279,0.3130279,0.3111310,0.3111310,0.3121244,82391.15711756,58
2024-12-23 08:30:00,0.3110001,0.3121251,0.3108159,0.3121251,0.3116195,11066.48456548,38
2024-12-23 08:35:00,0.3120824,0.3131607,0.3120824,0.3130691,0.3130295,18382.75687744,35
2024-12-23 08:40:00,0.3130171,0.3132402,0.3117016,0.3118781,0.3130258,37226.85266101,29
2024-12-23 08:45:00,0.3119082,0.3141472,0.3119082,0.3136447,0.3139551,345940.75338512,85
2024-12-23 08:50:00,0.3136917,0.3136917,0.3129874,0.3130892,0.3135096,125336.50280838,45
2024-12-23 08:55:00,0.3131046,0.3139719,0.3131046,0.3138677,0.3137019,14075.08996881,42
2024-12-23 09:00:00,0.3138986,0.3171513,0.3138986,0.3171513,0.3151870,43482.74144823,108
2024-12-23 09:05:00,0.3167631,0.3182257,0.3166256,0.3173976,0.3173711,106696.92392032,87
2024-12-23 09:10:00,0.3173977,0.3175709,0.3163963,0.3165715,0.3172110,149610.46037344,66
2024-12-23 09:15:00,0.3165715,0.3172252,0.3154949,0.3165715,0.3168981,61080.40764833,35
2024-12-23 09:20:00,0.3161377,0.3162991,0.3153267,0.3153267,0.3161358,49695.19515003,22
2024-12-23 09:25:00,0.3154589,0.3162400,0.3154589,0.3159161,0.3158683,20325.37413760,21
2024-12-23 09:30:00,0.3159524,0.3163630,0.3152560,0.3152560,0.3160447,24719.34925652,51
2024-12-23 09:35:00,0.3149371,0.3160568,0.3149371,0.3156814,0.3153208,9475.34546307,23
2024-12-23 09:40:00,0.3158494,0.3165677,0.3158494,0.3164065,0.3163960,12109.61707770,36
2024-12-23 09:45:00,0.3161566,0.3164747,0.3151261,0.3163014,0.3154353,24575.88365261,64
2024-12-23 09:50:00,0.3163414,0.3167778,0.3163414,0.3164925,0.3164291,3546.48192287,28
2024-12-23 09:55:00,0.3163998,0.3168615,0.3163687,0.3164451,0.3165800,49324.71932450,32
2024-12-23 10:00:00,0.3165822,0.3178257,0.3163590,0.3163590,0.3172853,38362.83633946,70
2024-12-23 10:05:00,0.3165919,0.3169213,0.3163635,0.3169213,0.3166804,14084.55325297,41
2024-12-23 10:10:00,0.3169213,0.3178707,0.3168225,0.3174832,0.3170948,4823.42075877,83
2024-12-23 10:15:00,0.3173328,0.3185726,0.3171530,0.3181726,0.3177818,44155.36371687,144
2024-12-23 10:20:00,0.3182224,0.3183803,0.3170867,0.3172008,0.3177824,81445.71306402,88
2024-12-23 10:25:00,0.3171305,0.3178441,0.3170536,0.3173112,0.3175309,62911.00132734,99
2024-12-23 10:30:00,0.3166982,0.3167695,0.3152599,0.3156581,0.3158038,24962.21694158,44
2024-12-23 10:35:00,0.3154721,0.3158956,0.3152561,0.3153612,0.3155551,56976.66201553,37
2024-12-23 10:40:00,0.3154001,0.3160704,0.3154001,0.3156982,0.3159623,43895.56333585,25
2024-12-23 10:45:00,0.3159488,0.3160649,0.3157817,0.3157817,0.3160390,23320.79477661,17
2024-12-23 10:50:00,0.3154302,0.3154832,0.3152560,0.3153902,0.3154017,6076.04285835,9
2024-12-23 10:55:00,0.3154699,0.3172900,0.3154699,0.3172900,0.3169608,10096.36161940,57
2024-12-23 11:00:00,0.3170535,0.3177190,0.3167386,0.3168338,0.3169304,92243.52994657,93
2024-12-23 11:05:00,0.3163780,0.3169158,0.3162663,0.3162750,0.3162901,36514.16037821,15
2024-12-23 11:10:00,0.3162748,0.3162748,0.3157163,0.3160704,0.3158997,6671.65569541,17
2024-12-23 11:15:00,0.3162900,0.3162900,0.3157162,0.3157244,0.3158666,57164.06778312,18
2024-12-23 11:20:00,0.3157811,0.3167429,0.3157811,0.3164813,0.3165928,112869.75062417,41
2024-12-23 11:25:00,0.3165353,0.3165354,0.3155263,0.3157866,0.3161621,73582.60842355,17
2024-12-23 11:30:00,0.3154757,0.3156385,0.3151215,0.3151215,0.3153441,44952.80783437,29
2024-12-23 11:35:00,0.3151214,0.3151214,0.3144228,0.3144228,0.3147380,21239.65906752,46
2024-12-23 11:40:00,0.3144229,0.3146674,0.3141614,0.3146674,0.3143668,44868.47135874,40
2024-12-23 11:45:00,0.3146673,0.3146673,0.3133440,0.3138914,0.3141352,40438.57416707,29
2024-12-23 11:50:00,0.3138913,0.3139755,0.3136827,0.3138684,0.3138830,23105.86479149,18
2024-12-23 11:55:00,0.3138752,0.3140040,0.3138581,0.3140040,0.3139233,3770.12949226,9
2024-12-23 12:00:00,0.3140826,0.3146449,0.3140826,0.3144638,0.3145734,54573.77769292,47
2024-12-23 12:05:00,0.3145880,0.3158162,0.3145880,0.3157132,0.3154860,15824.77714963,51
2024-12-23 12:10:00,0.3155921,0.3155921,0.3125477,0.3140788,0.3135626,593964.09878821,64
2024-12-23 12:15:00,0.3137949,0.3145593,0.3134348,0.3140465,0.3139799,43981.55362132,43
2024-12-23 12:20:00,0.3141129,0.3155072,0.3141129,0.3153201,0.3148823,9730.76418048,54
2024-12-23 12:25:00,0.3154698,0.3160252,0.3153166,0.3158115,0.3154714,30831.53424601,46
2024-12-23 12:30:00,0.3158404,0.3165095,0.3158274,0.3158275,0.3161245,43209.38842747,206
2024-12-23 12:35:00,0.3154929,0.3157916,0.3149926,0.3157916,0.3154052,58619.48837261,27
2024-12-23 12:40:00,0.3155054,0.3155054,0.3151663,0.3154614,0.3154800,22001.45026408,16
2024-12-23 12:45:00,0.3154153,0.3170662,0.3154153,0.3170269,0.3165251,11497.69639749,58
2024-12-23 12:50:00,0.3170425,0.3171797,0.3160586,0.3160586,0.3169170,27179.09091302,28
2024-12-23 12:55:00,0.3162587,0.3166420,0.3158237,0.3166116,0.3161123,679917.93494046,94
2024-12-23 13:00:00,0.3165465,0.3167282,0.3160746,0.3160746,0.3165954,17370.69375007,23
2024-12-23 13:05:00,0.3157846,0.3162445,0.3142399,0.3145231,0.3144924,189812.79000105,65
2024-12-23 13:10:00,0.3145230,0.3147665,0.3135186,0.3138570,0.3141143,492405.43143750,63
2024-12-23 13:15:00,0.3136021,0.3144449,0.3135142,0.3138768,0.3137632,787588.69435164,74
2024-12-23 13:20:00,0.3138827,0.3139605,0.3133456,0.3138792,0.3138408,20547.58168409,21
2024-12-23 13:25:00,0.3138905,0.3139606,0.3135473,0.3137849,0.3137458,46737.53138941,33
2024-12-23 13:30:00,0.3138200,0.3140847,0.3114464,0.3114465,0.3124503,132576.08524030,126
2024-12-23 13:35:00,0.3114464,0.3114464,0.3098005,0.3102632,0.3100974,317121.53169477,163
2024-12-23 13:40:00,0.3099368,0.3102632,0.3095588,0.3101640,0.3099456,3688.65967742,33
2024-12-23 13:45:00,0.3101924,0.3117200,0.3100008,0.3107695,0.3112362,1173770.91622603,124
2024-12-23 13:50:00,0.3104168,0.3109152,0.3100800,0.3103317,0.3101599,174783.41740627,46
2024-12-23 13:55:00,0.3101940,0.3108395,0.3101940,0.3108395,0.3104741,92503.81702667,40
2024-12-23 14:00:00,0.3105929,0.3124252,0.3105928,0.3124252,0.3115634,37042.38415567,78
2024-12-23 14:05:00,0.3124743,0.3141108,0.3124743,0.3136620,0.3138122,50112.21473116,102
2024-12-23 14:10:00,0.3131788,0.3137074,0.3126735,0.3131641,0.3132589,215574.32846993,46
2024-12-23 14:15:00,0.3128460,0.3142928,0.3127213,0.3129743,0.3135049,80720.22249161,73
2024-12-23 14:20:00,0.3125738,0.3136958,0.3125738,0.3134411,0.3130228,76071.28839500,40
2024-12-23 14:25:00,0.3136467,0.3137549,0.3134935,0.3137150,0.3136857,3091.62365783,21
2024-12-23 14:30:00,0.3137973,0.3143431,0.3123944,0.3123944,0.3126936,244292.99378462,57
2024-12-23 14:35:00,0.3120781,0.3120781,0.3096905,0.3098476,0.3107707,404591.46442451,86
2024-12-23 14:40:00,0.3096904,0.3096904,0.3074000,0.3080046,0.3082601,610061.23061828,169
2024-12-23 14:45:00,0.3077633,0.3086709,0.3052693,0.3058555,0.3057504,1475899.55532369,236
2024-12-23 14:50:00,0.3058555,0.3068059,0.3050000,0.3068059,0.3059134,2472818.03868573,161
2024-12-23 14:55:00,0.3061637,0.3090247,0.3056042,0.3080975,0.3076191,1581506.84768975,152
2024-12-23 15:00:00,0.3079102,0.3079999,0.3059910,0.3064538,0.3068089,1871807.37184972,139
2024-12-23 15:05:00,0.3063731,0.3073427,0.3059061,0.3066587,0.3068076,205956.61598542,48
2024-12-23 15:10:00,0.3066512,0.3075887,0.3059155,0.3065107,0.3066104,750588.52111110,85
2024-12-23 15:15:00,0.3065026,0.3068866,0.3043299,0.3052130,0.3059718,975257.56304525,232
2024-12-23 15:20:00,0.3050608,0.3063109,0.3050583,0.3055475,0.3055357,1170009.10950449,273
2024-12-23 15:25:00,0.3053388,0.3059775,0.3050672,0.3058936,0.3053055,87164.79309562,62
2024-12-23 15:30:00,0.3059680,0.3062798,0.3037315,0.3048937,0.3046606,300759.48775663,120
2024-12-23 15:35:00,0.3045062,0.3055183,0.3035050,0.3046241,0.3051928,897178.50383674,131
2024-12-23 15:40:00,0.3038395,0.3042162,0.3031523,0.3039754,0.3033228,205154.10501954,58
2024-12-23 15:45:00,0.3038096,0.3052233,0.3037456,0.3052233,0.3047033,132205.95729569,73
2024-12-23 15:50:00,0.3049728,0.3049728,0.3037009,0.3045137,0.3040740,145490.16601208,74
2024-12-23 15:55:00,0.3046330,0.3055341,0.3042082,0.3045177,0.3044962,377561.21581555,47
2024-12-23 16:00:00,0.3047500,0.3062921,0.3044923,0.3060632,0.3050513,148083.14038641,128
2024-12-23 16:05:00,0.3061435,0.3071026,0.3055092,0.3056658,0.3068364,26042.55134565,39
2024-12-23 16:10:00,0.3053199,0.3065816,0.3053199,0.3058899,0.3060505,35206.28348993,53
2024-12-23 16:15:00,0.3058899,0.3068090,0.3050794,0.3058220,0.3065624,280307.41949324,111
2024-12-23 16:20:00,0.3055644,0.3060181,0.3047840,0.3051227,0.3049740,815724.86168720,58
2024-12-23 16:25:00,0.3052148,0.3071740,0.3052148,0.3069697,0.3067808,52361.27698657,52
2024-12-23 16:30:00,0.3068759,0.3069456,0.3057825,0.3057825,0.3060079,129976.07478684,46
2024-12-23 16:35:00,0.3058220,0.3065003,0.3058220,0.3062619,0.3062947,8738.01522187,39
2024-12-23 16:40:00,0.3059920,0.3079684,0.3059920,0.3079684,0.3070387,201034.02944927,92
2024-12-23 16:45:00,0.3079685,0.3126231,0.3076234,0.3117295,0.3109133,1632584.07078885,377
2024-12-23 16:50:00,0.3117296,0.3144859,0.3111430,0.3142010,0.3129059,601277.55571667,218
2024-12-23 16:55:00,0.3134183,0.3144049,0.3132363,0.3135757,0.3138805,370703.20076154,53
2024-12-23 17:00:00,0.3135960,0.3148624,0.3120097,0.3124409,0.3130720,751408.42979505,175
2024-12-23 17:05:00,0.3123848,0.3139279,0.3108916,0.3132786,0.3122142,1034133.79498387,173
2024-12-23 17:10:00,0.3133217,0.3140783,0.3120803,0.3124875,0.3130551,787194.88239647,220
2024-12-23 17:15:00,0.3124453,0.3135105,0.3117621,0.3134299,0.3127325,100918.86184917,49
2024-12-23 17:20:00,0.3135340,0.3153000,0.3135340,0.3142753,0.3147664,1270041.15876779,213
2024-12-23 17:25:00,0.3144066,0.3144066,0.3133454,0.3137932,0.3138123,17175.36505689,22
2024-12-23 17:30:00,0.3138520,0.3138788,0.3130621,0.3133455,0.3134213,35908.70978204,26
2024-12-23 17:35:00,0.3133456,0.3133456,0.3115570,0.3122999,0.3123521,199323.41624649,54
2024-12-23 17:40:00,0.3121604,0.3123514,0.3113833,0.3118227,0.3120457,104545.35790547,67
2024-12-23 17:45:00,0.3118915,0.3122443,0.3105012,0.3111311,0.3107169,188157.41613738,40
2024-12-23 17:50:00,0.3111311,0.3113968,0.3101878,0.3104886,0.3106961,152213.81030095,52
2024-12-23 17:55:00,0.3106040,0.3113572,0.3106040,0.3109726,0.3111359,14378.96686406,36
2024-12-23 18:00:00,0.3107317,0.3118358,0.3107317,0.3111925,0.3114182,33211.95139430,54
2024-12-23 18:05:00,0.3112697,0.3115000,0.3107662,0.3109971,0.3110948,170517.90366196,69
2024-12-23 18:10:00,0.3110688,0.3126287,0.3109782,0.3124754,0.3123210,930161.68425080,105
2024-12-23 18:15:00,0.3126515,0.3126515,0.3117348,0.3121106,0.3118258,22350.38575205,29
2024-12-23 18:20:00,0.3120510,0.3123339,0.3116958,0.3117072,0.3119173,23158.52440468,22
2024-12-23 18:25:00,0.3116858,0.3122492,0.3116450,0.3118873,0.3118954,29448.81285168,26
2024-12-23 18:30:00,0.3119413,0.3124937,0.3117469,0.3117469,0.3121850,22136.56171641,41
2024-12-23 18:35:00,0.3117480,0.3119320,0.3109238,0.3111869,0.3110374,21152.16721876,22
2024-12-23 18:40:00,0.3114400,0.3116712,0.3102359,0.3102359,0.3110026,32929.06936234,31
2024-12-23 18:45:00,0.3102360,0.3108261,0.3102360,0.3107245,0.3105711,230278.40100146,41
2024-12-23 18:50:00,0.3107384,0.3107384,0.3091272,0.3093712,0.3094281,596818.64711080,109
2024-12-23 18:55:00,0.3094243,0.3099370,0.3092712,0.3096424,0.3098529,188550.48849295,42
2024-12-23 19:00:00,0.3096630,0.3111738,0.3096630,0.3108924,0.3105489,44024.27090753,65
2024-12-23 19:05:00,0.3109947,0.3138676,0.3109947,0.3138105,0.3120903,247058.44983135,87
2024-12-23 19:10:00,0.3138318,0.3147296,0.3135312,0.3147296,0.3137178,139139.32202343,90
2024-12-23 19:15:00,0.3147296,0.3161841,0.3147296,0.3154723,0.3153652,218147.44671787,149
2024-12-23 19:20:00,0.3154392,0.3169766,0.3154392,0.3169766,0.3160999,418322.85571911,91
2024-12-23 19:25:00,0.3169453,0.3169453,0.3156391,0.3166245,0.3165947,138535.42085505,44
2024-12-23 19:30:00,0.3166245,0.3179718,0.3150702,0.3157419,0.3155371,1005705.23689097,158
2024-12-23 19:35:00,0.3156310,0.3157194,0.3149368,0.3149368,0.3152449,81553.66377093,31
2024-12-23 19:40:00,0.3149367,0.3157194,0.3149367,0.3155741,0.3155135,328101.27758494,77
2024-12-23 19:45:00,0.3154966,0.3159583,0.3149690,0.3149690,0.3153034,80503.21234177,53
2024-12-23 19:50:00,0.3149307,0.3154042,0.3143770,0.3151956,0.3146954,31064.10157598,27
2024-12-23 19:55:00,0.3152955,0.3158566,0.3152060,0.3157876,0.3153356,20163.19170439,49
2024-12-23 20:00:00,0.3156045,0.3164154,0.3154182,0.3164154,0.3159279,69164.72052239,50
2024-12-23 20:05:00,0.3162428,0.3162428,0.3146134,0.3151914,0.3149400,65000.21631247,37
2024-12-23 20:10:00,0.3154309,0.3158149,0.3149286,0.3157126,0.3154010,101549.72398466,49
2024-12-23 20:15:00,0.3157275,0.3169003,0.3156622,0.3167921,0.3164264,37232.92827057,77
2024-12-23 20:20:00,0.3167953,0.3171366,0.3160046,0.3170656,0.3163981,64104.61393047,54
2024-12-23 20:25:00,0.3171513,0.3189999,0.3171513,0.3189999,0.3184416,227628.86886056,136
2024-12-23 20:30:00,0.3189734,0.3196399,0.3185941,0.3196398,0.3194958,229083.63669628,124
2024-12-23 20:35:00,0.3196398,0.3217875,0.3196398,0.3211168,0.3209109,544215.55235831,256
2024-12-23 20:40:00,0.3208683,0.3208788,0.3192323,0.3195606,0.3199203,308277.10259518,98
2024-12-23 20:45:00,0.3195605,0.3206871,0.3190000,0.3202958,0.3204065,460150.56850748,138
2024-12-23 20:50:00,0.3199009,0.3209472,0.3196120,0.3208645,0.3201271,234178.42189550,82
2024-12-23 20:55:00,0.3209739,0.3235000,0.3209739,0.3221034,0.3225930,501551.48381144,161
2024-12-23 21:00:00,0.3218139,0.3260000,0.3218000,0.3260000,0.3247551,810768.66263014,265
2024-12-23 21:05:00,0.3257046,0.3262678,0.3248731,0.3260330,0.3256144,304129.61725215,116
2024-12-23 21:10:00,0.3260330,0.3261937,0.3254041,0.3257197,0.3259469,208843.35990463,68
2024-12-23 21:15:00,0.3257134,0.3274599,0.3252209,0.3274120,0.3269099,2337970.87473890,375
2024-12-23 21:20:00,0.3273006,0.3283326,0.3269185,0.3275710,0.3274427,645195.38470205,164
2024-12-23 21:25:00,0.3277333,0.3280537,0.3269462,0.3271492,0.3274285,234661.41211743,76
2024-12-23 21:30:00,0.3266177,0.3270050,0.3243055,0.3247719,0.3252260,643749.20751078,121
2024-12-23 21:35:00,0.3244152,0.3254902,0.3233707,0.3245413,0.3239882,307079.76124483,108
2024-12-23 21:40:00,0.3245413,0.3253078,0.3243815,0.3243815,0.3250454,333262.72575553,182
2024-12-23 21:45:00,0.3242500,0.3242901,0.3214162,0.3217197,0.3228518,674889.96796445,194
2024-12-23 21:50:00,0.3217388,0.3234423,0.3212335,0.3216481,0.3217207,1061467.86599847,110
2024-12-23 21:55:00,0.3216508,0.3222524,0.3215117,0.3220763,0.3218381,82118.59638947,46
2024-12-23 22:00:00,0.3214143,0.3225441,0.3214143,0.3219645,0.3220479,207517.11194228,87
2024-12-23 22:05:00,0.3219200,0.3229752,0.3218091,0.3222222,0.3223451,634276.91680571,92
2024-12-23 22:10:00,0.3222223,0.3225067,0.3215149,0.3225067,0.3219373,214251.60599649,53
2024-12-23 22:15:00,0.3225763,0.3246288,0.3225763,0.3243117,0.3243621,186822.48457514,73
2024-12-23 22:20:00,0.3243461,0.3267632,0.3243461,0.3257038,0.3262126,1571427.60158312,124
2024-12-23 22:25:00,0.3259051,0.3267659,0.3259051,0.3265602,0.3262269,148575.13338260,43
2024-12-23 22:30:00,0.3264824,0.3265154,0.3245602,0.3245824,0.3255470,55947.28174957,38
2024-12-23 22:35:00,0.3243275,0.3247035,0.3239441,0.3245044,0.3241782,311462.23719516,36
2024-12-23 22:40:00,0.3244154,0.3248108,0.3242428,0.3245093,0.3244789,33725.84974464,27
2024-12-23 22:45:00,0.3242866,0.3244446,0.3241811,0.3244446,0.3244216,18441.12171929,17
2024-12-23 22:50:00,0.3243868,0.3248586,0.3238802,0.3245908,0.3244930,82719.30449658,53
2024-12-23 22:55:00,0.3245679,0.3264584,0.3245679,0.3259947,0.3260774,57822.95701010,73
2024-12-23 23:00:00,0.3264584,0.3272498,0.3250722,0.3260818,0.3253999,348754.61798103,155
2024-12-23 23:05:00,0.3260553,0.3265056,0.3246932,0.3253441,0.3254189,93845.47368171,88
2024-12-23 23:10:00,0.3252206,0.3257156,0.3244490,0.3245486,0.3248183,89043.92651479,90
2024-12-23 23:15:00,0.3245734,0.3255074,0.3245734,0.3254697,0.3251879,215943.23816956,64
2024-12-23 23:20:00,0.3251367,0.3254553,0.3244894,0.3244894,0.3250024,55923.40686369,24
2024-12-23 23:25:00,0.3243275,0.3243533,0.3237822,0.3242489,0.3239159,50746.72885693,23
2024-12-23 23:30:00,0.3243982,0.3245132,0.3234279,0.3245132,0.3237261,194520.15241838,84
2024-12-23 23:35:00,0.3242188,0.3247732,0.3237224,0.3238751,0.3245986,22865.49391697,43
2024-12-23 23:40:00,0.3236931,0.3240278,0.3227991,0.3229101,0.3232910,450436.91811177,75
2024-12-23 23:45:00,0.3230910,0.3235166,0.3222895,0.3235166,0.3232588,167664.00741064,62
2024-12-23 23:50:00,0.3234453,0.3240369,0.3232950,0.3237544,0.3237516,68085.19655095,46
2024-12-23 23:55:00,0.3238383,0.3244010,0.3238383,0.3243985,0.3242829,28950.58775822,40
2024-12-24 00:00:00,0.3241209,0.3243438,0.3227494,0.3240532,0.3235574,87601.52914228,63
2024-12-24 00:05:00,0.3232732,0.3236397,0.3228219,0.3231429,0.3232096,6677.61666672,15
2024-12-24 00:10:00,0.3229925,0.3233299,0.3222894,0.3222894,0.3228680,63829.48320099,26
2024-12-24 00:15:00,0.3222994,0.3228454,0.3217095,0.3220873,0.3219628,4878.70544812,30
2024-12-24 00:20:00,0.3220873,0.3225249,0.3214917,0.3214917,0.3222024,13265.31881904,23
2024-12-24 00:25:00,0.3214665,0.3216039,0.3201824,0.3214608,0.3212203,202091.01511064,105
2024-12-24 00:30:00,0.3214608,0.3224296,0.3214608,0.3217397,0.3221934,290743.75326464,75
2024-12-24 00:35:00,0.3217536,0.3227021,0.3217536,0.3222165,0.3222204,33475.60853978,46
2024-12-24 00:40:00,0.3223645,0.3229884,0.3223645,0.3229884,0.3228626,19300.07636742,40
2024-12-24 00:45:00,0.3229179,0.3229179,0.3219321,0.3222466,0.3220746,291299.55470717,30
2024-12-24 00:50:00,0.3223037,0.3229031,0.3223037,0.3229031,0.3226214,4897.67460028,28
2024-12-24 00:55:00,0.3229103,0.3239717,0.3229103,0.3235918,0.3233842,13554.72692451,50
2024-12-24 01:00:00,0.3236901,0.3242966,0.3235295,0.3236499,0.3237735,47768.35532647,46
2024-12-24 01:05:00,0.3237894,0.3237894,0.3223045,0.3223045,0.3227105,57452.19541973,17
2024-12-24 01:10:00,0.3223296,0.3230333,0.3222604,0.3228427,0.3224154,257756.72683248,61
2024-12-24 01:15:00,0.3227239,0.3234814,0.3225811,0.3226855,0.3230024,57174.03846761,37
2024-12-24 01:20:00,0.3224105,0.3225788,0.3219942,0.3222212,0.3223271,7641.57017146,12
2024-12-24 01:25:00,0.3222213,0.3222828,0.3222213,0.3222828,0.3222529,302.75000000,3
